epoch,lr,step,train/cls_loss,train/grad_cosine,train/grad_norm_cls,train/grad_norm_jepa,train/jepa_loss,train_loss
0,0.0003000000142492354,9,876.5917358398438,0.1491706818342209,667518.625,13.792780876159668,0.4186662435531616,877.0103759765625
0,0.0003000000142492354,19,181.1268768310547,-0.0192569587379694,538.628173828125,0.004711580462753773,0.20580202341079712,181.33267211914062
0,0.0003000000142492354,29,220.94512939453125,0.0005934316432103515,43.56374740600586,0.00039026435115374625,0.148634672164917,221.09376525878906
0,0.0003000000142492354,39,188.89366149902344,-0.06386493146419525,43.40989685058594,0.00015382867422886193,0.13292613625526428,189.02658081054688
0,0.0003000000142492354,49,200.18511962890625,0.05171506851911545,44.65135192871094,0.00016559810319449753,0.1163819283246994,200.30149841308594
0,0.0003000000142492354,59,209.80657958984375,-0.023970503360033035,51.63895797729492,0.0002087330212816596,0.10134601593017578,209.90792846679688
0,0.0003000000142492354,69,175.13687133789062,0.0321553573012352,64.0555419921875,0.00017182597366627306,0.08346429467201233,175.2203369140625
0,0.0003000000142492354,79,184.5345001220703,-0.044511910527944565,65.13746643066406,0.00037883699405938387,0.0464901439845562,184.58099365234375
0,0.0003000000142492354,89,182.99449157714844,-0.025765029713511467,61.22515106201172,0.0010079299099743366,0.03307530656456947,183.02757263183594
0,0.0003000000142492354,99,158.77468872070312,0.05218811705708504,63.666019439697266,0.0003057272988371551,0.02612065151333809,158.80081176757812
0,0.0003000000142492354,109,176.00436401367188,-0.0029756403528153896,61.73874282836914,0.00013648858293890953,0.02240256778895855,176.02676391601562
0,0.0003000000142492354,119,185.7742156982422,-0.0980510339140892,63.437259674072266,6.481309537775815e-05,0.02001957967877388,185.7942352294922
0,0.0003000000142492354,129,166.915283203125,0.06622255593538284,55.08404541015625,7.175581413321197e-05,0.01747463084757328,166.93275451660156
0,0.0003000000142492354,139,179.51731872558594,0.0153079554438591,59.0570068359375,6.500464223790914e-05,0.015297174453735352,179.53262329101562
0,0.0003000000142492354,149,192.87423706054688,0.1175994873046875,62.052425384521484,5.0549762818263844e-05,0.014311378821730614,192.8885498046875
0,0.0003000000142492354,159,182.40347290039062,-0.021000836044549942,58.694156646728516,4.6636403567390516e-05,0.013114046305418015,182.4165802001953
0,0.0003000000142492354,169,166.1693878173828,0.013465328142046928,61.749176025390625,0.00010439047764521092,0.011694435961544514,166.1810760498047
0,0.0003000000142492354,179,161.10252380371094,0.09577645361423492,64.68529510498047,8.300266927108169e-05,0.010900463908910751,161.11341857910156
0,0.0003000000142492354,189,173.8539276123047,0.015395993366837502,61.769203186035156,0.00010729615314630792,0.009709984064102173,173.86363220214844
0,0.0003000000142492354,199,168.0816650390625,0.0075347889214754105,60.051063537597656,4.7916528274072334e-05,0.008730306290090084,168.09039306640625
0,0.0003000000142492354,209,163.38697814941406,-0.025152068585157394,57.21063995361328,0.00020552774367388338,0.008159755729138851,163.3951416015625
0,0.0003000000142492354,219,169.35006713867188,0.07224221527576447,59.8040771484375,0.00018578801245894283,0.007231485564261675,169.3572998046875
0,0.0003000000142492354,229,185.9622802734375,-0.012685047462582588,58.434425354003906,0.00016267949831672013,0.006854482460767031,185.96913146972656
0,0.0003000000142492354,239,176.83143615722656,-0.0303096491843462,59.634521484375,0.00017073623894248158,0.006666849367320538,176.83810424804688
0,0.0003000000142492354,249,190.37049865722656,0.009580528363585472,56.12498092651367,0.0001698544656392187,0.0058903563767671585,190.3763885498047
0,0.0003000000142492354,259,191.2452850341797,-0.08146452158689499,54.97367477416992,0.000169535749591887,0.005390877369791269,191.25067138671875
0,0.0003000000142492354,269,175.92349243164062,0.020361678674817085,59.203643798828125,0.00018213926523458213,0.005184279289096594,175.92868041992188
0,0.0003000000142492354,279,165.5674591064453,0.0448177233338356,55.817771911621094,0.00015836565580684692,0.004793620202690363,165.57225036621094
0,0.0003000000142492354,289,156.35604858398438,-0.1024196520447731,59.031002044677734,9.868510824162513e-05,0.004749651532620192,156.3607940673828
0,0.0003000000142492354,299,177.4886474609375,-0.017830004915595055,54.72064971923828,9.630840213503689e-05,0.004378316458314657,177.49302673339844
0,0.0003000000142492354,309,196.58596801757812,-0.030014468356966972,53.73786926269531,6.542967457789928e-05,0.003941480070352554,196.58990478515625
0,0.0003000000142492354,319,195.5820770263672,0.04578680917620659,59.244171142578125,0.00016291260544676334,0.00405378732830286,195.5861358642578
0,0.0003000000142492354,329,191.11846923828125,-0.044538430869579315,51.51917266845703,9.131269325735047e-05,0.004038350656628609,191.1225128173828
0,0.0003000000142492354,339,185.23863220214844,-0.03259624168276787,49.28718948364258,9.116174624068663e-05,0.0035232005175203085,185.24215698242188
0,0.0003000000142492354,349,175.45050048828125,0.0717761293053627,50.556087493896484,9.113240957958624e-05,0.0033891266211867332,175.45388793945312
0,0.0003000000142492354,359,167.07357788085938,-0.007633859291672707,55.48847198486328,0.0001183247659355402,0.003492263611406088,167.0770721435547
0,0.0003000000142492354,369,151.84619140625,0.11435223370790482,52.69890594482422,0.00011676574649754912,0.0034268945455551147,151.84962463378906
0,0.0003000000142492354,379,172.08851623535156,0.04160585626959801,52.75004959106445,0.00010641740664141253,0.003146187635138631,172.09165954589844
0,0.0003000000142492354,389,189.15956115722656,-0.022613760083913803,52.1568717956543,8.749471453484148e-05,0.0028282671701163054,189.16238403320312
0,0.0003000000142492354,399,181.01177978515625,0.11789160966873169,51.52073287963867,0.0001015605594147928,0.003069773782044649,181.0148468017578
0,0.0003000000142492354,409,173.55047607421875,0.020505335181951523,49.25077438354492,8.362197695532814e-05,0.002777260961011052,173.55325317382812
0,0.0003000000142492354,419,161.37164306640625,-0.013509628362953663,55.205265045166016,0.00017893750919029117,0.002809588797390461,161.37445068359375
0,0.0003000000142492354,429,170.46270751953125,-0.003971870988607407,50.64490509033203,0.00019025638175662607,0.002701245713979006,170.4654083251953
0,0.0003000000142492354,439,183.9591827392578,-0.06886723637580872,52.52678680419922,0.00037834758404642344,0.002615800593048334,183.9617919921875
0,0.0003000000142492354,449,163.9422607421875,-0.0894748643040657,47.8223991394043,7.214870856842026e-05,0.0025990325957536697,163.94485473632812
0,0.0003000000142492354,459,177.7554168701172,0.03937441110610962,55.33256912231445,0.00017375739116687328,0.0023783380165696144,177.75779724121094
0,0.0003000000142492354,469,175.03799438476562,-0.08283057063817978,48.07463455200195,5.632368993246928e-05,0.002628917805850506,175.04061889648438
0,0.0003000000142492354,479,174.302734375,-0.019239941611886024,49.505645751953125,8.139177225530148e-05,0.0023656010162085295,174.3050994873047
0,0.0003000000142492354,489,172.78662109375,-0.10247021913528442,50.12492370605469,0.00017870629380922765,0.0022785437759011984,172.7888946533203
0,0.0003000000142492354,499,177.580322265625,0.04305371269583702,47.138824462890625,0.0004213151696603745,0.002345320302993059,177.58267211914062
0,0.0003000000142492354,509,164.34976196289062,-0.03209478408098221,47.73235321044922,0.0008534023072570562,0.002224023686721921,164.35198974609375
0,0.0003000000142492354,519,176.1783447265625,0.1485055536031723,47.48512649536133,0.00020803508232347667,0.0019357335986569524,176.18028259277344
0,0.0003000000142492354,529,175.07818603515625,0.05802617967128754,48.750457763671875,0.00023153683287091553,0.002062502782791853,175.0802459716797
0,0.0003000000142492354,539,179.2008514404297,0.011795835569500923,50.33269500732422,0.0005324077210389078,0.002158769406378269,179.2030029296875
0,0.0003000000142492354,549,172.01136779785156,0.05330682918429375,47.477176666259766,0.000855509249959141,0.0018631727434694767,172.0132293701172
0,0.0003000000142492354,559,152.79722595214844,-0.1022130697965622,51.4260368347168,0.00015926893684081733,0.001959932269528508,152.79917907714844
0,0.0003000000142492354,569,154.06362915039062,0.005345871672034264,48.59446334838867,0.0009216575999744236,0.0018514798721298575,154.0654754638672
0,0.0003000000142492354,579,166.6913299560547,0.012858093716204166,44.78929901123047,0.0001356556313112378,0.0016884366050362587,166.69302368164062
0,0.0003000000142492354,589,168.30096435546875,0.054860714823007584,44.9097900390625,0.0006522467592731118,0.0017917455406859517,168.30274963378906
0,0.0003000000142492354,599,167.6558837890625,-0.037313006818294525,48.63386535644531,0.0008551882347092032,0.0017968480242416263,167.65768432617188
0,0.0003000000142492354,609,163.698486328125,0.00953672919422388,45.57419967651367,0.002784289652481675,0.0017956041265279055,163.70028686523438
0,0.0003000000142492354,619,167.712646484375,0.09295602887868881,46.000980377197266,0.0011231082025915384,0.0016037068562582135,167.71424865722656
0,0.0003000000142492354,629,180.47463989257812,-0.15091048181056976,47.6785774230957,0.0031797057017683983,0.0016686873277649283,180.47630310058594
0,0.0003000000142492354,639,176.86045837402344,-0.016628000885248184,42.663429260253906,0.0007317051058635116,0.0015717127826064825,176.86203002929688
0,0.0003000000142492354,649,171.24105834960938,0.04915250837802887,46.67681884765625,0.0013379007577896118,0.0015397944953292608,171.2425994873047
0,0.0003000000142492354,659,148.3836669921875,-0.05656746029853821,46.72649002075195,0.0071220374666154385,0.001527410582639277,148.38519287109375
0,0.0003000000142492354,669,181.58761596679688,0.05682063475251198,51.39749526977539,0.0024067037738859653,0.0014724889770150185,181.58909606933594
0,0.0003000000142492354,679,159.88668823242188,-0.04715903103351593,43.79689025878906,0.0010598277440294623,0.0016060100169852376,159.88829040527344
0,0.0003000000142492354,689,179.3748779296875,-0.06503278762102127,43.74995422363281,0.003846329404041171,0.001397233922034502,179.37628173828125
0,0.0003000000142492354,699,174.74459838867188,0.049246951937675476,50.719085693359375,0.004160613752901554,0.0013048278633505106,174.74591064453125
0,0.0003000000142492354,709,160.59793090820312,0.008305978961288929,41.58956527709961,0.0003495947748888284,0.0014191768132150173,160.59934997558594
0,0.0003000000142492354,719,151.6911163330078,-0.051304593682289124,41.09495544433594,0.0005668895319104195,0.0013319094432517886,151.69244384765625
0,0.0003000000142492354,729,171.13339233398438,0.02835041657090187,45.51112747192383,0.0019685302395373583,0.0012979554012417793,171.1346893310547
0,0.0003000000142492354,739,171.1509552001953,-0.018955379724502563,46.69332504272461,0.0008798461058177054,0.001236899639479816,171.15219116210938
0,0.0003000000142492354,749,176.17079162597656,0.11129089444875717,49.2917594909668,0.0030964824836701155,0.0012606657110154629,176.17205810546875
0,0.0003000000142492354,759,166.0240478515625,-0.05780194327235222,45.97343063354492,0.008526908233761787,0.001395834144204855,166.0254364013672
0,0.0003000000142492354,769,162.03842163085938,-0.03489290177822113,42.60649490356445,0.004299656488001347,0.001170197268947959,162.0395965576172
0,0.0003000000142492354,779,161.28933715820312,-0.046076700091362,45.71297836303711,0.0049811373464763165,0.0011985709425061941,161.29054260253906
0,0.0003000000142492354,789,182.31692504882812,0.03487284854054451,43.45531463623047,0.0016135603655129671,0.0011909768218174577,182.318115234375
0,0.0003000000142492354,799,169.84896850585938,0.0657213032245636,43.08842849731445,0.0019731849897652864,0.0010470104170963168,169.8500213623047
0,0.0003000000142492354,809,154.98985290527344,-0.023415733128786087,48.223419189453125,0.0010181175312027335,0.0011114345397800207,154.990966796875
0,0.0003000000142492354,819,165.8359375,0.0030030112247914076,45.470237731933594,0.0035916485358029604,0.0010495024034753442,165.8369903564453
0,0.0003000000142492354,829,175.34912109375,0.09078609198331833,51.558536529541016,0.0002005775604629889,0.0010759927099570632,175.35020446777344
0,0.0003000000142492354,839,159.02175903320312,0.097945436835289,48.71522903442383,0.0014106722082942724,0.0011358708143234253,159.02288818359375
0,0.0003000000142492354,849,157.35220336914062,-0.040960539132356644,52.10309600830078,0.0003570974222384393,0.0011536935344338417,157.35336303710938
0,0.0003000000142492354,859,167.0741729736328,0.15227057039737701,46.4334602355957,0.003560395445674658,0.001046662451699376,167.07522583007812
0,0.0003000000142492354,869,160.82781982421875,-0.048789095133543015,45.40803909301758,0.0016758653800934553,0.0010260235285386443,160.82884216308594
0,0.0003000000142492354,879,171.68099975585938,-0.01451787818223238,43.03030014038086,0.006287440657615662,0.0010837136069312692,171.6820831298828
0,0.0003000000142492354,889,159.06228637695312,0.1942691206932068,47.817935943603516,0.002388295019045472,0.0009353574132546782,159.06321716308594
0,0.0003000000142492354,899,174.59518432617188,-0.029207367449998856,44.361854553222656,0.0013757983688265085,0.0010010917903855443,174.59619140625
0,0.0003000000142492354,909,167.1865234375,-0.11108352988958359,46.721923828125,0.0056726085022091866,0.0009750221506692469,167.1875
0,0.0003000000142492354,919,169.08795166015625,-0.023469774052500725,49.55617904663086,0.002101253718137741,0.0009548256639391184,169.0889129638672
0,0.0003000000142492354,929,155.17327880859375,0.045943502336740494,41.375404357910156,0.0024901116266846657,0.0009933849796652794,155.1742706298828
0,0.0003000000142492354,939,175.5915985107422,-0.004613811150193214,43.95756912231445,0.0035239902790635824,0.0008773277513682842,175.59246826171875
0,0.0003000000142492354,949,162.5777587890625,0.11015773564577103,44.20926284790039,0.0005349130369722843,0.0009307584841735661,162.5786895751953
0,0.0003000000142492354,959,147.77423095703125,0.06081681698560715,47.02446365356445,0.0019071224378421903,0.0008447621949017048,147.7750701904297
0,0.0003000000142492354,969,162.53656005859375,-0.07935287058353424,45.1046142578125,0.004560521338135004,0.0008724812651053071,162.5374298095703
0,0.0003000000142492354,979,175.71505737304688,-0.08622024208307266,38.6879997253418,0.0004904098459519446,0.0007995095220394433,175.71585083007812
0,0.0003000000142492354,989,154.30728149414062,-0.06414076685905457,56.65641784667969,0.0001412975398125127,0.0008449219167232513,154.30812072753906
0,0.0003000000142492354,999,167.02455139160156,0.1250920295715332,44.74108123779297,0.000776617496740073,0.0007929324638098478,167.0253448486328
0,0.0003000000142492354,1009,173.8192138671875,0.04668964818120003,46.02776336669922,0.0006880485452711582,0.000901558087207377,173.8201141357422
0,0.0003000000142492354,1019,166.45755004882812,-0.08363483846187592,42.225433349609375,0.010879581794142723,0.0008842526003718376,166.45843505859375
0,0.0003000000142492354,1029,149.62673950195312,-0.10795164853334427,46.21918487548828,0.0005289557739160955,0.0007929184357635677,149.62753295898438
0,0.0003000000142492354,1039,157.00213623046875,0.11938121169805527,43.86173629760742,0.0019362762104719877,0.0008076829835772514,157.00294494628906
0,0.0003000000142492354,1049,159.392822265625,0.048465240746736526,41.2453498840332,0.004068179987370968,0.0007202249835245311,159.39353942871094
0,0.0003000000142492354,1059,168.79208374023438,-0.10032721608877182,51.34534454345703,0.0038509138394147158,0.0007109767757356167,168.7928009033203
0,0.0003000000142492354,1069,170.50790405273438,0.0591350793838501,43.62489318847656,0.0008055220823734999,0.0007680645794607699,170.5086669921875
0,0.0003000000142492354,1079,154.63943481445312,-0.020651457831263542,46.1037712097168,0.0015955041162669659,0.0007681658025830984,154.64019775390625
0,0.0003000000142492354,1089,175.2149200439453,-0.135312020778656,42.74211883544922,0.0015462549636140466,0.0007283019367605448,175.2156524658203
0,0.0003000000142492354,1099,161.46153259277344,-0.06135477125644684,46.80531692504883,0.0034380529541522264,0.0007280732970684767,161.46226501464844
0,0.0003000000142492354,1109,157.74383544921875,0.09146662056446075,40.612457275390625,0.00522823678329587,0.0007577981450594962,157.74459838867188
0,0.0003000000142492354,1119,159.03726196289062,0.10843624919652939,46.00515365600586,0.0018896583933383226,0.0007218849495984614,159.03797912597656
0,0.0003000000142492354,1129,155.43365478515625,-0.10834943503141403,43.70299530029297,0.00042698311153799295,0.0006931356037966907,155.43434143066406
0,0.0003000000142492354,1139,169.12850952148438,0.04740297421813011,46.45568084716797,0.0015096013667061925,0.0007507470436394215,169.12925720214844
0,0.0003000000142492354,1149,166.21270751953125,0.024635640904307365,44.425662994384766,0.0009992658160626888,0.0006650665309280157,166.21337890625
0,0.0003000000142492354,1159,148.54974365234375,0.0853344202041626,43.380348205566406,0.00021873015793971717,0.0006871625082567334,148.55043029785156
0,0.0003000000142492354,1169,163.7353515625,0.18545494973659515,47.90912628173828,0.0005183045868761837,0.0007409444660879672,163.73609924316406
0,0.0003000000142492354,1179,167.73953247070312,-0.10583615303039551,44.61043167114258,0.0013764150207862258,0.0006146913510747254,167.74014282226562
0,0.0003000000142492354,1189,146.92123413085938,0.04848982393741608,43.843727111816406,0.0003348923346493393,0.0006562932394444942,146.92189025878906
0,0.0003000000142492354,1199,189.7535400390625,0.0955922082066536,45.682132720947266,0.0031860312446951866,0.0006507079815492034,189.7541961669922
0,0.0003000000142492354,1209,148.18960571289062,-0.01988772302865982,43.540348052978516,0.0020322746131569147,0.0007132262689992785,148.19032287597656
0,0.0003000000142492354,1219,167.5357666015625,-0.07303903251886368,45.47169494628906,0.009008063934743404,0.0007179015083238482,167.53648376464844
0,0.0003000000142492354,1229,153.09373474121094,0.030279750004410744,44.14435958862305,0.0006490531959570944,0.0006295371567830443,153.0943603515625
0,0.0003000000142492354,1239,178.54307556152344,-0.0913960337638855,42.866111755371094,0.00046207482228055596,0.0005947153549641371,178.54367065429688
0,0.0003000000142492354,1249,168.01785278320312,0.03790733963251114,39.56288528442383,0.004699191078543663,0.000652651593554765,168.0185089111328
0,0.0003000000142492354,1259,177.24951171875,0.13900704681873322,40.77152633666992,0.001659129629842937,0.0006396584212779999,177.25015258789062
0,0.0003000000142492354,1269,158.73779296875,0.025983422994613647,45.06766128540039,0.0015914407558739185,0.0005544879822991788,158.73834228515625
0,0.0003000000142492354,1279,170.46014404296875,-0.1171417310833931,51.50905227661133,0.001391618512570858,0.0006107697263360023,170.46075439453125
0,0.0003000000142492354,1289,154.65379333496094,-0.04047127813100815,42.53853988647461,0.0057392665185034275,0.000551058619748801,154.6543426513672
0,0.0003000000142492354,1299,159.6326446533203,0.23166823387145996,47.17456817626953,0.0014191189548000693,0.0006285953568294644,159.63327026367188
0,0.0003000000142492354,1309,168.20852661132812,0.1928834617137909,45.6518440246582,0.002795156557112932,0.0005691988626495004,168.20909118652344
0,0.0003000000142492354,1319,152.76333618164062,0.14524832367897034,43.986507415771484,0.003632771782577038,0.0005427082651294768,152.76388549804688
0,0.0003000000142492354,1329,158.9870147705078,0.09102226048707962,46.667545318603516,0.0007132327882573009,0.0006349185714498162,158.98765563964844
0,0.0003000000142492354,1339,157.70382690429688,0.038532234728336334,43.251991271972656,0.002654969459399581,0.0005587434279732406,157.7043914794922
0,0.0003000000142492354,1349,161.31936645507812,-0.06370711326599121,41.3919792175293,0.0026649513747543097,0.0005712755955755711,161.31993103027344
0,0.0003000000142492354,1359,149.83706665039062,0.035060763359069824,43.55717468261719,0.0028638646472245455,0.0005631039384752512,149.83763122558594
0,0.0003000000142492354,1369,161.24151611328125,-0.03437574952840805,46.267913818359375,0.0031878375448286533,0.0005921331467106938,161.2421112060547
0,0.0003000000142492354,1379,167.59909057617188,-0.019414830952882767,46.742897033691406,0.0031705067958682775,0.0005614430992864072,167.5996551513672
0,0.0003000000142492354,1389,160.42108154296875,-0.04494570568203926,46.9073371887207,0.0018922965973615646,0.0005660714814439416,160.42164611816406
0,0.0003000000142492354,1399,162.133056640625,-0.23089025914669037,42.96736145019531,0.0011159436544403434,0.0005889314925298095,162.13365173339844
0,0.0003000000142492354,1409,163.1854248046875,-0.0058882697485387325,41.84013366699219,0.0026274649426341057,0.0005584383616223931,163.1859893798828
0,0.0003000000142492354,1419,151.1695556640625,0.03280450403690338,45.140724182128906,0.00015862759028095752,0.0005835178890265524,151.17013549804688
0,0.0003000000142492354,1429,160.31826782226562,-0.08046673238277435,41.382530212402344,0.009234658442437649,0.0005506864399649203,160.31881713867188
0,0.0003000000142492354,1439,161.9497528076172,-0.11078581213951111,46.78279113769531,0.004854358732700348,0.0005637415451928973,161.9503173828125
0,0.0003000000142492354,1449,153.49929809570312,-0.12279614806175232,51.29482650756836,0.000686256738845259,0.0005779027123935521,153.4998779296875
0,0.0003000000142492354,1459,154.42694091796875,-0.11208824813365936,43.67135238647461,0.0009285772684961557,0.0005054564098827541,154.4274444580078
0,0.0003000000142492354,1469,153.45245361328125,-0.10197968780994415,45.091880798339844,0.0004914765013381839,0.0005227586952969432,153.45297241210938
0,0.0003000000142492354,1479,153.60150146484375,0.20005978643894196,47.509159088134766,0.0030058168340474367,0.0005104997544549406,153.6020050048828
0,0.0003000000142492354,1489,147.78500366210938,0.1579349786043167,45.17672348022461,0.0016329125501215458,0.0005298180622048676,147.78553771972656
0,0.0003000000142492354,1499,159.1966552734375,0.11427072435617447,44.660064697265625,0.008253268897533417,0.0005167528870515525,159.19717407226562
0,0.0003000000142492354,1509,154.9241485595703,0.06289932876825333,42.29677963256836,0.0006045519257895648,0.0005663621122948825,154.92471313476562
0,0.0003000000142492354,1519,156.35122680664062,0.008873566053807735,48.38482666015625,0.010761698707938194,0.0005422237445600331,156.35177612304688
0,0.0003000000142492354,1529,157.30284118652344,0.23183569312095642,45.68039321899414,0.00037621770752593875,0.0004987017018720508,157.3033447265625
0,0.0003000000142492354,1539,178.85116577148438,-0.08365892618894577,44.216087341308594,0.00471005542203784,0.0005376358749344945,178.85169982910156
0,0.0003000000142492354,1549,133.43865966796875,-0.3624144196510315,48.56565856933594,0.0012501678429543972,0.0005531201604753733,133.439208984375
0,0.0003000000142492354,1559,157.47286987304688,0.07496245950460434,47.26258850097656,0.00028862772160209715,0.0005169236101210117,157.473388671875
0,0.0003000000142492354,1569,168.21466064453125,-0.21608972549438477,47.50376892089844,0.0006992561393417418,0.000479866866953671,168.2151336669922
0,0.0003000000142492354,1579,152.68124389648438,0.025862643495202065,47.9915657043457,0.003149553667753935,0.0005305355880409479,152.68177795410156
0,0.0003000000142492354,1589,157.21905517578125,0.1386563926935196,43.25377655029297,0.0015624243533238769,0.0005491268821060658,157.2196044921875
0,0.0003000000142492354,1599,151.25314331054688,0.1706240177154541,51.78285598754883,0.00517965666949749,0.0005227077635936439,151.253662109375
0,0.0003000000142492354,1609,144.90408325195312,-0.18191805481910706,57.24882125854492,0.004225521814078093,0.00047987172729335725,144.90455627441406
0,0.0003000000142492354,1619,157.46609497070312,0.1663602590560913,47.11488723754883,0.0018713483586907387,0.0004890412674285471,157.46658325195312
0,0.0003000000142492354,1629,152.42190551757812,-0.1118079423904419,42.82250213623047,0.0002708756073843688,0.0004930712166242301,152.42239379882812
0,0.0003000000142492354,1639,160.30702209472656,-0.05954776331782341,40.56917190551758,0.0001946110132848844,0.0005120281712152064,160.3075408935547
0,0.0003000000142492354,1649,149.22203063964844,-0.0378582701086998,41.367149353027344,0.0002095933014061302,0.0005169236683286726,149.22254943847656
0,0.0003000000142492354,1659,173.3900909423828,-0.170294389128685,47.28052520751953,0.000530440709553659,0.0004503110540099442,173.3905487060547
0,0.0003000000142492354,1669,147.67437744140625,-0.2513114809989929,40.51771545410156,0.001283611636608839,0.0005102523136883974,147.6748809814453
0,0.0003000000142492354,1679,166.04051208496094,-0.06373222172260284,44.88134765625,0.0008334555895999074,0.0005246703512966633,166.04103088378906
0,0.0003000000142492354,1689,153.18365478515625,-0.30185192823410034,49.371891021728516,0.0012930015800520778,0.00047319516306743026,153.1841278076172
0,0.0003000000142492354,1699,154.5987091064453,0.18490010499954224,44.52960968017578,0.00354540953412652,0.0004611932672560215,154.5991668701172
0,0.0003000000142492354,1709,149.48422241210938,0.16144149005413055,46.45281219482422,0.0021337768994271755,0.0004722943704109639,149.4846954345703
0,0.0003000000142492354,1719,139.90382385253906,-0.07871370762586594,44.042972564697266,0.002290003001689911,0.00046286359429359436,139.90428161621094
0,0.0003000000142492354,1729,157.29876708984375,-0.13684558868408203,43.99995803833008,0.003406716510653496,0.0004916682955808938,157.29925537109375
0,0.0003000000142492354,1739,155.43756103515625,0.09956105053424835,41.710323333740234,0.004530370235443115,0.0005022785044275224,155.4380645751953
0,0.0003000000142492354,1749,162.26773071289062,0.2771171033382416,46.108802795410156,0.0009077041759155691,0.000510284211486578,162.2682342529297
0,0.0003000000142492354,1759,144.37222290039062,-0.18026037514209747,45.404422760009766,0.000336052558850497,0.00045906726154498756,144.3726806640625
0,0.0003000000142492354,1769,159.59652709960938,-0.15666528046131134,44.23636245727539,0.0009221380460076034,0.0004494976601563394,159.5969696044922
0,0.0003000000142492354,1779,164.92811584472656,0.0316719152033329,40.08890151977539,0.003540778998285532,0.00046494093840010464,164.92857360839844
0,0.0003000000142492354,1789,151.1329803466797,0.1073124036192894,43.21504211425781,0.0004102613893337548,0.00043019838631153107,151.13340759277344
0,0.0003000000142492354,1799,151.196044921875,0.15151579678058624,38.128578186035156,0.0018070120131596923,0.0004887176910415292,151.196533203125
0,0.0003000000142492354,1809,150.60690307617188,0.09372414648532867,39.42001724243164,0.0012068627402186394,0.00047145714052021503,150.6073760986328
0,0.0003000000142492354,1819,156.35845947265625,-0.029492635279893875,46.01368713378906,0.0003517908917274326,0.0004287784977350384,156.35888671875
0,0.0003000000142492354,1829,151.80001831054688,-0.11269382387399673,44.25723648071289,0.0021538848523050547,0.0004535190237220377,151.80047607421875
0,0.0003000000142492354,1839,138.10980224609375,0.055805377662181854,35.98596954345703,0.0012196381576359272,0.0004462924844119698,138.11024475097656
0,0.0003000000142492354,1849,156.21676635742188,0.07433323562145233,44.57640075683594,0.0013774251565337181,0.00045814571785740554,156.21722412109375
0,0.0003000000142492354,1859,144.12423706054688,0.0822884738445282,44.05201721191406,0.0036494238302111626,0.0004734792746603489,144.1247100830078
0,0.0003000000142492354,1869,149.78274536132812,0.20896008610725403,45.15410232543945,0.0011006012791767716,0.0005158542189747095,149.78326416015625
0,0.0003000000142492354,1879,145.01220703125,0.10250493139028549,43.83786392211914,0.0011013869661837816,0.00042365959961898625,145.01263427734375
0,0.0003000000142492354,1889,137.79824829101562,-0.10347379744052887,47.0521125793457,0.0002152926754206419,0.00047262784210033715,137.79872131347656
0,0.0003000000142492354,1899,158.16571044921875,0.12612925469875336,41.848384857177734,0.004103225655853748,0.0004534627660177648,158.16616821289062
0,0.0003000000142492354,1909,161.14031982421875,0.08742929995059967,50.627098083496094,0.00016131745360326022,0.000424640194978565,161.1407470703125
0,0.0003000000142492354,1919,148.9333953857422,-0.1814449429512024,42.33073425292969,0.0008117054239846766,0.0004407971282489598,148.933837890625
0,0.0003000000142492354,1929,155.1382598876953,-0.3143738806247711,43.51121520996094,0.0057204365730285645,0.0005027051665820181,155.13876342773438
0,0.0003000000142492354,1939,148.5669403076172,-0.03904878720641136,45.653602600097656,0.0021632444113492966,0.0004417058371473104,148.5673828125
0,0.0003000000142492354,1949,150.5260009765625,0.08425396680831909,45.99110412597656,0.0010251159546896815,0.0003985136281698942,150.52639770507812
0,0.0003000000142492354,1959,147.70233154296875,0.10743728280067444,41.96782684326172,0.0006427732878364623,0.00046958771417848766,147.7028045654297
0,0.0003000000142492354,1969,156.60269165039062,0.1606116145849228,43.74955749511719,0.0005573826492764056,0.0004396393778733909,156.60313415527344
0,0.0003000000142492354,1979,163.6594696044922,0.006675257347524166,43.03764724731445,0.00018878781702369452,0.0004709162167273462,163.65994262695312
0,0.0003000000142492354,1989,149.77005004882812,0.10277625918388367,46.66022491455078,0.0005359869101084769,0.00045624893391504884,149.7705078125
0,0.0003000000142492354,1999,168.9993133544922,-0.20629183948040009,49.948265075683594,0.0043128314428031445,0.00043140194611623883,168.99974060058594
0,0.0003000000142492354,2009,165.7681884765625,0.2992663085460663,55.67947769165039,0.0014055784558877349,0.000471311854198575,165.76866149902344
0,0.0003000000142492354,2019,145.0067138671875,-0.328421026468277,49.722557067871094,0.002997281029820442,0.0004701028228737414,145.00718688964844
0,0.0003000000142492354,2029,138.37030029296875,0.003749724244698882,45.357852935791016,0.0016123808454722166,0.00044838403118774295,138.37074279785156
0,0.0003000000142492354,2039,161.41729736328125,0.008876269683241844,47.895179748535156,0.0018651568097993731,0.000407925748731941,161.41770935058594
0,0.0003000000142492354,2049,144.44496154785156,-0.0870029479265213,38.82063674926758,0.0005986756295897067,0.0005125252646394074,144.4454803466797
0,0.0003000000142492354,2059,153.21109008789062,-0.1300346553325653,48.039085388183594,0.0010402461048215628,0.0004230114573147148,153.21151733398438
0,0.0003000000142492354,2069,146.73538208007812,0.1613495647907257,42.98470687866211,0.00252842390909791,0.00043920442112721503,146.73582458496094
0,0.0003000000142492354,2079,162.26321411132812,0.09583483636379242,41.79753112792969,0.0013144579716026783,0.0004397638258524239,162.26365661621094
0,0.0003000000142492354,2089,144.09304809570312,0.27944013476371765,48.05960464477539,0.0005679382011294365,0.0004533034225460142,144.093505859375
0,0.0003000000142492354,2099,169.23165893554688,0.11845020949840546,41.355472564697266,0.0005270083202049136,0.000391854700865224,169.2320556640625
0,0.0003000000142492354,2109,150.0666961669922,-0.04556802287697792,41.5996208190918,0.0020919544622302055,0.0004257360124029219,150.06712341308594
0,0.0003000000142492354,2119,153.0643310546875,-0.10537123680114746,45.395782470703125,0.0020197019912302494,0.00042162780300714076,153.06475830078125
0,0.0003000000142492354,2129,141.92153930664062,-0.046328771859407425,45.76100158691406,0.0009430467616766691,0.0004613539495039731,141.9219970703125
0,0.0003000000142492354,2139,143.634521484375,-0.2609308958053589,43.62776565551758,0.0017433848697692156,0.00038278521969914436,143.63490295410156
0,0.0003000000142492354,2149,159.61367797851562,-0.08699480444192886,42.287776947021484,0.004303794354200363,0.0004206665325909853,159.61410522460938
0,0.0003000000142492354,2159,149.08905029296875,0.21171076595783234,48.50394058227539,0.0031090460252016783,0.00044456543400883675,149.08949279785156
0,0.0003000000142492354,2169,152.7193145751953,0.017543692141771317,39.93963623046875,0.0015244974056258798,0.00046044396003708243,152.7197723388672
0,0.0003000000142492354,2179,154.1552734375,0.04783792048692703,42.99095153808594,0.0024803527630865574,0.00047367464867420495,154.15574645996094
0,0.0003000000142492354,2189,140.982421875,-0.01791936345398426,42.5340576171875,0.0014889170415699482,0.00043600721983239055,140.9828643798828
0,0.0003000000142492354,2199,155.6829833984375,-0.21466563642024994,48.070518493652344,0.00033061261638067663,0.0004420940822456032,155.6834259033203
0,0.0003000000142492354,2209,155.39065551757812,-0.12977325916290283,45.51668930053711,0.0010554055916145444,0.0003979674947913736,155.39105224609375
0,0.0003000000142492354,2219,152.04293823242188,0.15506090223789215,43.73237228393555,0.0008644317858852446,0.0003888057835865766,152.04331970214844
0,0.0003000000142492354,2229,149.734375,0.2586422562599182,48.063499450683594,0.00070151750696823,0.0004067878471687436,149.7347869873047
0,0.0003000000142492354,2239,154.09307861328125,0.0464499369263649,38.3547248840332,0.0011219691950827837,0.00037838637945242226,154.0934600830078
0,0.0003000000142492354,2249,148.94387817382812,-0.039454586803913116,44.0027961730957,0.0004982477985322475,0.00044124311534687877,148.94432067871094
0,0.0003000000142492354,2259,179.06942749023438,-0.20775623619556427,44.04840850830078,0.0012976644793525338,0.00037583918310701847,179.06980895996094
0,0.0003000000142492354,2269,150.7432861328125,-0.38708651065826416,48.62229919433594,0.0020270575769245625,0.00041989496094174683,150.74371337890625
0,0.0003000000142492354,2279,144.76319885253906,0.008039918728172779,53.26856231689453,0.0005403148825280368,0.0004118447832297534,144.76361083984375
0,0.0003000000142492354,2289,145.5130615234375,-0.04587888345122337,39.201080322265625,0.0025849041994661093,0.0004050287534482777,145.5134735107422
0,0.0003000000142492354,2299,148.56198120117188,-0.13207978010177612,39.40214157104492,0.002014202531427145,0.0003800452686846256,148.56236267089844
0,0.0003000000142492354,2309,140.45106506347656,-0.05254678428173065,37.13748550415039,0.0007458602194674313,0.00040436963899992406,140.45147705078125
0,0.0003000000142492354,2319,164.3083038330078,-0.04259926453232765,52.9068603515625,0.0008131087524816394,0.0004022003849968314,164.30870056152344
0,0.0003000000142492354,2329,152.76986694335938,0.248487189412117,39.51449966430664,0.0009292846079915762,0.0003932244726456702,152.770263671875
0,0.0003000000142492354,2339,151.18670654296875,-0.16479994356632233,39.87812042236328,0.003493852447718382,0.0003995867446064949,151.18710327148438
0,0.0003000000142492354,2349,147.227783203125,-0.11009161174297333,39.195003509521484,0.00104329246096313,0.0004346529603935778,147.22821044921875
0,0.0003000000142492354,2359,165.9113006591797,-0.28444844484329224,45.095298767089844,0.0008830219157971442,0.0004044214729219675,165.91171264648438
0,0.0003000000142492354,2369,141.8311004638672,-0.04646187275648117,42.484893798828125,0.00031027148361317813,0.00040623132372274995,141.83151245117188
0,0.0003000000142492354,2379,163.45616149902344,0.004290340002626181,38.57709503173828,0.0024457487743347883,0.0004001735942438245,163.45655822753906
0,0.0003000000142492354,2389,158.61842346191406,-0.152194544672966,45.8609733581543,0.0020947682205587626,0.00040644360706210136,158.61883544921875
0,0.0003000000142492354,2399,141.18280029296875,0.07250066101551056,42.23838806152344,0.000418140523834154,0.000456207460956648,141.18325805664062
0,0.0003000000142492354,2409,148.22244262695312,-0.1427420675754547,43.36061096191406,0.0012724569533020258,0.0003807244938798249,148.2228240966797
0,0.0003000000142492354,2419,144.328369140625,-0.029551198706030846,39.39909744262695,0.00027832225896418095,0.0003844282473437488,144.32875061035156
0,0.0003000000142492354,2429,147.97659301757812,-0.0549921952188015,43.47674560546875,0.0016962463269010186,0.0003914001281373203,147.97698974609375
0,0.0003000000142492354,2439,142.83575439453125,-0.08290005475282669,47.62828063964844,0.001684769755229354,0.000413684785598889,142.83616638183594
0,0.0003000000142492354,2449,148.27703857421875,-0.29719898104667664,44.69340515136719,0.0026282265316694975,0.000430551910540089,148.2774658203125
0,0.0003000000142492354,2459,151.96109008789062,-0.15462324023246765,41.4445686340332,0.0011864505941048265,0.0004205653094686568,151.96151733398438
0,0.0003000000142492354,2469,149.81118774414062,-0.0772276520729065,40.397605895996094,0.0018574593123048544,0.0004134981136303395,149.8115997314453
0,0.0003000000142492354,2479,140.32313537597656,-0.005415924359112978,41.3896484375,0.0007602765108458698,0.0003961744369007647,140.3235321044922
0,0.0003000000142492354,2489,147.93572998046875,-0.02561611495912075,39.41166305541992,0.001298321527428925,0.0003792879870161414,147.9361114501953
0,0.0003000000142492354,2499,137.7489013671875,-0.03482315316796303,37.846736907958984,0.0005901542608626187,0.0004087290435563773,137.7493133544922
0,0.0003000000142492354,2509,134.9580841064453,0.2997817397117615,44.54292297363281,0.0016029803082346916,0.00040034629637375474,134.95848083496094
0,0.0003000000142492354,2519,146.94419860839844,0.04045725241303444,37.71512985229492,0.0007647059974260628,0.0003940325404983014,146.94459533691406
0,0.0003000000142492354,2529,158.50347900390625,0.21624109148979187,38.30183029174805,0.000953884155023843,0.0004176878137513995,158.50389099121094
0,0.0003000000142492354,2539,148.24139404296875,0.004103363957256079,39.06759262084961,0.001436874968931079,0.0004297688719816506,148.2418212890625
0,0.0003000000142492354,2549,154.32608032226562,-0.22265754640102386,41.43004608154297,0.0017104713479056954,0.00039261934580281377,154.32647705078125
0,0.0003000000142492354,2559,156.12588500976562,-0.23795907199382782,49.129581451416016,0.00046123546781018376,0.00042071205098181963,156.12631225585938
0,0.0003000000142492354,2569,168.45120239257812,0.13821758329868317,38.486717224121094,0.0008898372179828584,0.00042208994273096323,168.45162963867188
0,0.0003000000142492354,2579,167.135986328125,-0.2518083155155182,42.42121887207031,0.001504550571553409,0.00043527729576453567,167.1364288330078
0,0.0003000000142492354,2589,149.90713500976562,0.14887651801109314,44.3373908996582,0.000788266072049737,0.000393646361771971,149.90753173828125
0,0.0003000000142492354,2599,142.7288360595703,0.0379849337041378,45.526588439941406,0.0004484885430429131,0.00043278286466374993,142.72926330566406
0,0.0003000000142492354,2609,145.24183654785156,0.017897579818964005,38.730072021484375,0.0017365363892167807,0.0003717995132319629,145.24220275878906
0,0.0003000000142492354,2619,155.8810577392578,0.20564377307891846,40.60755157470703,0.0008895288920029998,0.0003947370278183371,155.88145446777344
0,0.0003000000142492354,2629,147.29541015625,0.06784176081418991,39.54235076904297,0.000691745022777468,0.00041776051511988044,147.2958221435547
0,0.0003000000142492354,2639,150.70736694335938,-0.3662114143371582,44.901615142822266,0.0012443845625966787,0.00036421226104721427,150.70773315429688
0,0.0003000000142492354,2649,150.44082641601562,-0.03176664188504219,41.82118225097656,0.0004799894813913852,0.00036548636853694916,150.44119262695312
0,0.0003000000142492354,2659,137.9270782470703,0.009811979718506336,41.998714447021484,0.000400239834561944,0.00038645602762699127,137.92745971679688
0,0.0003000000142492354,2669,158.33242797851562,-0.24193255603313446,51.24603271484375,0.001061550690792501,0.0003676882479339838,158.33279418945312
0,0.0003000000142492354,2679,164.69708251953125,-0.21995939314365387,45.4411735534668,0.0008421376114711165,0.0003742413828149438,164.6974639892578
0,0.0003000000142492354,2689,147.29429626464844,-0.10810400545597076,44.72489547729492,0.004180089570581913,0.0003928611986339092,147.29469299316406
0,0.0003000000142492354,2699,147.8448944091797,-0.24139119684696198,48.51091384887695,0.0008003783295862377,0.0003645361284725368,147.8452606201172
0,0.0003000000142492354,2709,160.97543334960938,-0.0475374236702919,43.84321975708008,0.0009906820487231016,0.00037658127257600427,160.97581481933594
0,0.0003000000142492354,2719,138.2633514404297,0.2519051730632782,42.4608039855957,0.002021409571170807,0.0004104317631572485,138.26376342773438
0,0.0003000000142492354,2729,161.4623260498047,-0.07146766781806946,47.14944076538086,0.003129999153316021,0.00038296758430078626,161.46270751953125
0,0.0003000000142492354,2739,146.7711181640625,0.11858516931533813,42.729209899902344,0.00030220384360291064,0.00037466720095835626,146.77149963378906
0,0.0003000000142492354,2749,161.4140167236328,-0.23917600512504578,47.03901672363281,0.0009114113636314869,0.00037108047399669886,161.4143829345703
0,0.0003000000142492354,2759,146.11024475097656,0.07819307595491409,47.24270248413086,0.0002924528089351952,0.0003723217232618481,146.11061096191406
0,0.0003000000142492354,2769,150.46812438964844,-0.009788336232304573,40.57743835449219,0.004105835221707821,0.00037775241071358323,150.468505859375
0,0.0003000000142492354,2779,134.25106811523438,0.07729256898164749,39.02921676635742,0.0008114895317703485,0.0003633990418165922,134.25143432617188
0,0.0003000000142492354,2789,154.32159423828125,0.13203270733356476,48.404510498046875,0.0002678542223293334,0.0004028048424515873,154.32199096679688
0,0.0003000000142492354,2799,151.48318481445312,-0.031553030014038086,41.871158599853516,0.0006293714977800846,0.0003622119256760925,151.48355102539062
0,0.0003000000142492354,2809,152.15188598632812,-0.15550349652767181,54.70199203491211,0.0005071809282526374,0.0003682024544104934,152.15225219726562
0,0.0003000000142492354,2819,143.1228485107422,-0.07975026965141296,42.19538879394531,0.0005709127872250974,0.00035723959445022047,143.12319946289062
0,0.0003000000142492354,2829,148.92770385742188,-0.371664434671402,47.716182708740234,0.0004424888757057488,0.0003736912622116506,148.92807006835938
0,0.0003000000142492354,2839,137.14825439453125,0.21970543265342712,44.67138671875,0.0016344576142728329,0.0003615060995798558,137.14862060546875
0,0.0003000000142492354,2849,153.63131713867188,0.05031407251954079,41.351165771484375,0.00032122040283866227,0.0003700538072735071,153.63168334960938
0,0.0003000000142492354,2859,140.22923278808594,0.34515181183815,43.26728439331055,0.0006935516721569002,0.00035814655711874366,140.22958374023438
0,0.0003000000142492354,2869,150.8462677001953,-0.04274396598339081,42.583702087402344,0.00030199516913853586,0.00035058020148426294,150.84661865234375
0,0.0003000000142492354,2879,153.4138641357422,-0.1712466925382614,52.440853118896484,0.0010665442096069455,0.00041145228897221386,153.41427612304688
0,0.0003000000142492354,2889,165.89752197265625,0.1448286473751068,44.566368103027344,0.00347308861091733,0.0003480503801256418,165.8978729248047
0,0.0003000000142492354,2899,143.74449157714844,0.024858592078089714,39.56475067138672,0.0011328515829518437,0.0003632460138760507,143.74485778808594
0,0.0003000000142492354,2909,139.94041442871094,0.02391044981777668,35.409027099609375,0.0012783404672518373,0.00031348271295428276,139.94073486328125
0,0.0003000000142492354,2919,157.396728515625,0.04367281496524811,44.884944915771484,0.0007956514018587768,0.0003998671309091151,157.39712524414062
0,0.0003000000142492354,2929,166.54312133789062,-0.101140595972538,57.65033721923828,0.00046013068640604615,0.00039906767779029906,166.54351806640625
0,0.0003000000142492354,2939,146.20335388183594,0.25413697957992554,45.783973693847656,0.0004130084707867354,0.00038394297007471323,146.2037353515625
0,0.0003000000142492354,2949,153.22088623046875,-0.1827736645936966,46.2481575012207,0.00020208890782669187,0.00034763693111017346,153.2212371826172
0,0.0003000000142492354,2959,143.6103057861328,0.029685581102967262,51.67687225341797,0.00022964949312154204,0.0003581549972295761,143.61065673828125
0,0.0003000000142492354,2969,154.19805908203125,-0.287835955619812,40.296817779541016,0.0008159145945683122,0.0003630814317148179,154.19842529296875
0,0.0003000000142492354,2979,134.7304229736328,-0.49679872393608093,54.1041259765625,0.0007067832048051059,0.0003074699197895825,134.73072814941406
0,0.0003000000142492354,2989,155.18075561523438,-0.03702729940414429,47.051918029785156,0.0017402403755113482,0.00035206222673878074,155.1811065673828
0,0.0003000000142492354,2999,146.82440185546875,-0.12661433219909668,55.879966735839844,0.0002289592957822606,0.0003490751550998539,146.8247528076172
0,0.0003000000142492354,3009,148.10574340820312,0.18019244074821472,50.407379150390625,0.0013824001653119922,0.0003974169085267931,148.10614013671875
0,0.0003000000142492354,3019,149.4207763671875,-0.09013310819864273,44.223915100097656,0.0009509834344498813,0.0003754684585146606,149.42115783691406
0,0.0003000000142492354,3029,145.21676635742188,-0.5213232636451721,61.52102279663086,0.0012683875393122435,0.00034385453909635544,145.2171173095703
0,0.0003000000142492354,3039,152.43907165527344,-0.014690395444631577,33.19934844970703,0.0005784240202046931,0.00031301562557928264,152.43939208984375
0,0.0003000000142492354,3049,154.0556182861328,-0.22355632483959198,52.482810974121094,0.004960945807397366,0.0003462947206571698,154.05596923828125
0,0.0003000000142492354,3059,128.7794647216797,0.2402651458978653,48.048622131347656,0.0008440488600172102,0.000412086199503392,128.77987670898438
0,0.0003000000142492354,3069,141.25527954101562,-0.10310247540473938,45.55142593383789,0.0004945668042637408,0.0003544252831488848,141.25563049316406
0,0.0003000000142492354,3079,151.515625,0.007982238195836544,36.29862594604492,0.0027288764249533415,0.000342674960847944,151.51596069335938
0,0.0003000000142492354,3089,135.0477294921875,0.0427926704287529,59.50240707397461,0.0013197205262258649,0.0003397879481781274,135.04806518554688
0,0.0003000000142492354,3099,145.39857482910156,0.29033413529396057,38.5118293762207,0.0010464420774951577,0.00035629875492304564,145.39892578125
0,0.0003000000142492354,3109,158.60105895996094,0.07548221945762634,38.97803497314453,0.00021266305702738464,0.00037212768802419305,158.60142517089844
0,0.0003000000142492354,3119,147.403076171875,-0.005364084616303444,43.528507232666016,0.0003617130860220641,0.0003323435375932604,147.40341186523438
0,0.0003000000142492354,3129,153.32431030273438,0.12172023952007294,42.51244354248047,0.0017014608019962907,0.0003995114821009338,153.32470703125
0,0.0003000000142492354,3139,149.98025512695312,-0.19956308603286743,39.34834671020508,0.0006488973740488291,0.0003424947790335864,149.9805908203125
0,0.0003000000142492354,3149,153.61465454101562,-0.08517453074455261,50.56814956665039,0.001506611704826355,0.0003839569981209934,153.6150360107422
0,0.0003000000142492354,3159,161.78741455078125,0.37467652559280396,54.264930725097656,0.0010216254740953445,0.0003344115393701941,161.78775024414062
0,0.0003000000142492354,3169,145.59088134765625,-0.14120127260684967,56.10065460205078,0.00019860666361637414,0.0003212085284758359,145.59120178222656
0,0.0003000000142492354,3179,152.20263671875,-0.261661559343338,56.120765686035156,0.00020145901362411678,0.0003719700616784394,152.2030029296875
0,0.0003000000142492354,3189,147.2160186767578,0.03417277708649635,38.50967788696289,0.00014727360394317657,0.00036033798824064434,147.2163848876953
0,0.0003000000142492354,3199,144.69805908203125,-0.28962886333465576,47.1270637512207,0.00018117875151801854,0.0003645654651336372,144.69842529296875
0,0.0003000000142492354,3209,152.04991149902344,0.15955162048339844,45.7767219543457,0.00032379734329879284,0.00035620323615148664,152.05026245117188
0,0.0003000000142492354,3219,140.90171813964844,-0.07653125375509262,44.021705627441406,0.0006364391301758587,0.00034813693491742015,140.90206909179688
0,0.0003000000142492354,3229,151.33306884765625,0.04688269644975662,54.15006637573242,0.0009521451429463923,0.0003726246068254113,151.33343505859375
0,0.0003000000142492354,3239,149.98831176757812,0.20493502914905548,53.0400276184082,0.0012559634633362293,0.0003732918994501233,149.98867797851562
0,0.0003000000142492354,3249,144.05772399902344,0.16496671736240387,55.60623550415039,0.0019361827289685607,0.0003348514437675476,144.0580596923828
0,0.0003000000142492354,3259,144.59579467773438,0.03732970356941223,47.737403869628906,0.0016944564413279295,0.0003591502318158746,144.59616088867188
0,0.0003000000142492354,3269,143.2340545654297,0.07920393347740173,41.94455337524414,0.00012461782898753881,0.0003547795640770346,143.23440551757812
0,0.0003000000142492354,3279,143.75486755371094,-0.2661079466342926,42.72032928466797,0.0006361391278915107,0.0003457549901213497,143.75521850585938
0,0.0003000000142492354,3289,151.01145935058594,-0.1576051115989685,45.444705963134766,0.0020938205998390913,0.0003802089486271143,151.0118408203125
0,0.0003000000142492354,3299,160.14443969726562,-0.07526625692844391,32.96223449707031,0.0003899408911820501,0.0003588537801988423,160.14480590820312
0,0.0003000000142492354,3309,146.78341674804688,0.01240105926990509,31.554903030395508,0.0015368590829893947,0.0003431698714848608,146.78375244140625
0,0.0003000000142492354,3319,160.31549072265625,-0.3304799497127533,64.81830596923828,0.0007940122741274536,0.000331398710841313,160.31582641601562
0,0.0003000000142492354,3329,143.57406616210938,-0.2671542465686798,41.64848327636719,0.0008590249344706535,0.0003314506611786783,143.57440185546875
0,0.0003000000142492354,3339,145.3652801513672,-0.15998585522174835,67.86296844482422,0.0023329199757426977,0.00034468062222003937,145.36563110351562
0,0.0003000000142492354,3349,147.0631866455078,0.05983845889568329,38.722930908203125,0.005760188214480877,0.00033207418164238334,147.0635223388672
0,0.0003000000142492354,3359,154.68527221679688,-0.15147416293621063,78.48909759521484,0.0015925518237054348,0.0003093839914072305,154.68557739257812
0,0.0003000000142492354,3369,158.04611206054688,-0.022647246718406677,36.422794342041016,0.0008949451148509979,0.0003579002805054188,158.0464630126953
0,0.0003000000142492354,3379,155.14686584472656,-0.1595272719860077,58.117828369140625,0.0005324490484781563,0.00033135409466922283,155.14720153808594
0,0.0003000000142492354,3389,145.87181091308594,-0.08508556336164474,42.218536376953125,0.0012312151957303286,0.00036830888711847365,145.87217712402344
0,0.0003000000142492354,3399,155.00949096679688,-0.010321551002562046,45.32209396362305,0.001934607862494886,0.0004012663848698139,155.0098876953125
0,0.0003000000142492354,3409,134.57662963867188,-0.21161790192127228,45.44648361206055,0.0006591593264602125,0.00037763986620120704,134.57701110839844
0,0.0003000000142492354,3419,152.1020965576172,-0.11465707421302795,63.40240478515625,0.000700867734849453,0.0003521017206367105,152.10244750976562
0,0.0003000000142492354,3429,137.6487274169922,-0.15413686633110046,41.83686828613281,0.0004838144814129919,0.0003355808730702847,137.64906311035156
0,0.0003000000142492354,3439,145.53201293945312,0.010088488459587097,36.252037048339844,0.00801114272326231,0.0003479926090221852,145.53236389160156
0,0.0003000000142492354,3449,162.60086059570312,0.13456739485263824,33.58600997924805,0.00023150595370680094,0.00034840995795093477,162.60121154785156
0,0.0003000000142492354,3459,146.3343505859375,-0.14560110867023468,74.52294921875,0.00014144847227726132,0.0003657324705272913,146.334716796875
0,0.0003000000142492354,3469,141.75845336914062,-0.06809175759553909,74.64700317382812,0.000835012411698699,0.0003620630595833063,141.75881958007812
0,0.0003000000142492354,3479,156.96917724609375,-0.3256817162036896,48.77536392211914,0.0009217348997481167,0.00039132722304202616,156.96957397460938
0,0.0003000000142492354,3489,150.50762939453125,0.30237993597984314,39.41810607910156,0.0006905656773597002,0.0003710140590555966,150.50799560546875
0,0.0003000000142492354,3499,150.2083740234375,-0.07357112318277359,52.66836929321289,0.0010286099277436733,0.0003743688575923443,150.20875549316406
0,0.0003000000142492354,3509,163.23228454589844,0.24231405556201935,70.24097442626953,0.00034371146466583014,0.000365259445970878,163.23265075683594
0,0.0003000000142492354,3519,162.22227478027344,-0.1723203808069229,35.44137191772461,0.003955632448196411,0.00035049274447374046,162.22262573242188
0,0.0003000000142492354,3529,155.8496551513672,-0.07473330199718475,47.065406799316406,0.0002557892585173249,0.00033940470893867314,155.84999084472656
0,0.0003000000142492354,3539,154.32823181152344,-0.26023614406585693,56.74738693237305,0.0007715433603152633,0.0003213857125956565,154.32855224609375
0,0.0003000000142492354,3549,165.6213836669922,0.18607360124588013,99.76152038574219,0.0005680046160705388,0.00036198669113218784,165.6217498779297
0,0.0003000000142492354,3559,129.41635131835938,-0.12359002232551575,94.16305541992188,0.0011259275488555431,0.00035437734914012253,129.4167022705078
0,0.0003000000142492354,3569,145.8170166015625,-0.09909687936306,88.62040710449219,0.0002601801825221628,0.00032828038092702627,145.81735229492188
0,0.0003000000142492354,3579,152.3126678466797,-0.12829729914665222,66.08412170410156,0.0007272324291989207,0.00034470262471586466,152.31301879882812
0,0.0003000000142492354,3589,145.27610778808594,0.11281884461641312,54.58180236816406,0.0007910470594651997,0.00030837178928777575,145.2764129638672
0,0.0003000000142492354,3599,150.56954956054688,0.02072468213737011,54.224815368652344,0.007529319729655981,0.00034566925023682415,150.5699005126953
0,0.0003000000142492354,3609,137.47378540039062,-0.1788340061903,62.91962432861328,0.0014463505940511823,0.00035481335362419486,137.47413635253906
0,0.0003000000142492354,3619,161.26318359375,0.288215309381485,56.20939254760742,0.003839009441435337,0.00036395582719706,161.2635498046875
0,0.0003000000142492354,3629,140.3513946533203,0.016106968745589256,89.19790649414062,0.0003991425328422338,0.000319628044962883,140.35171508789062
0,0.0003000000142492354,3639,151.22381591796875,-0.06305540353059769,73.06065368652344,0.0006232245359569788,0.00029730459209531546,151.22410583496094
0,0.0003000000142492354,3649,155.4501953125,0.31694212555885315,56.46366882324219,0.0010803804034367204,0.00035462708910927176,155.45054626464844
0,0.0003000000142492354,3659,148.59747314453125,0.052670616656541824,49.15447998046875,0.003296577138826251,0.00034723247517831624,148.5978240966797
0,0.0003000000142492354,3669,157.45828247070312,0.06445018947124481,48.519371032714844,0.0005072063067927957,0.0003451820812188089,157.45863342285156
0,0.0003000000142492354,3679,140.68247985839844,-0.22250625491142273,78.43780517578125,0.0006949095986783504,0.000320907449349761,140.68280029296875
0,0.0003000000142492354,3689,144.1309814453125,-0.014478154480457306,47.97726821899414,0.0008452738984487951,0.0003353626816533506,144.13131713867188
0,0.0003000000142492354,3699,156.15325927734375,0.04243193566799164,40.10679244995117,0.0005400279769673944,0.00031110233976505697,156.153564453125
0,0.0003000000142492354,3709,143.87557983398438,0.13689538836479187,52.17853927612305,0.0003013843088410795,0.0003551660629455,143.8759307861328
0,0.0003000000142492354,3719,145.9449462890625,0.2680343687534332,148.69517517089844,0.0012403811560943723,0.0003325798606965691,145.94528198242188
0,0.0003000000142492354,3729,140.66676330566406,0.17363782227039337,35.46051788330078,0.0012577205197885633,0.00034149212297052145,140.66709899902344
0,0.0003000000142492354,3739,157.56515502929688,0.04931735619902611,41.22507095336914,0.0005379848298616707,0.0003556832380127162,157.5655059814453
0,0.0003000000142492354,3749,142.05831909179688,-0.029546553269028664,83.95645904541016,0.0004617382073774934,0.00031810638029128313,142.0586395263672
0,0.0003000000142492354,3759,149.24163818359375,-0.202701136469841,85.60655212402344,0.0007591847097501159,0.0003265871200710535,149.24195861816406
0,0.0003000000142492354,3769,140.51803588867188,0.19712363183498383,64.41523742675781,0.000945697131101042,0.00031576602486893535,140.5183563232422
0,0.0003000000142492354,3779,153.21551513671875,-0.20494264364242554,62.91048049926758,0.0005592646775767207,0.0003139509353786707,153.21583557128906
0,0.0003000000142492354,3789,146.36691284179688,-0.034048598259687424,128.55126953125,0.00035424408270046115,0.000307053851429373,146.36721801757812
0,0.0003000000142492354,3799,147.7738037109375,-0.03583891689777374,41.1906852722168,0.001641418901272118,0.00031823047902435064,147.7741241455078
0,0.0003000000142492354,3809,158.89508056640625,-0.3110646605491638,74.56029510498047,0.0005515340017154813,0.00036404727143235505,158.89544677734375
0,0.0003000000142492354,3819,142.26080322265625,-0.1547781229019165,165.01376342773438,0.0005975479143671691,0.0003474567492958158,142.2611541748047
0,0.0003000000142492354,3829,135.33831787109375,0.14105498790740967,26.16236686706543,0.0010746840853244066,0.0002941614075098187,135.33860778808594
0,0.0003000000142492354,3839,147.213623046875,-0.27614232897758484,53.395599365234375,0.000515663530677557,0.000309265247778967,147.21392822265625
0,0.0003000000142492354,3849,147.47296142578125,-0.1247842088341713,43.067325592041016,0.0009304005070589483,0.0003617004258558154,147.47332763671875
0,0.0003000000142492354,3859,144.52452087402344,0.11497079581022263,46.6914176940918,0.0003592717694118619,0.00036972941597923636,144.52488708496094
0,0.0003000000142492354,3869,142.7869415283203,-0.15226753056049347,55.03399658203125,0.0008937924867495894,0.0003031583037227392,142.78724670410156
0,0.0003000000142492354,3879,153.9011993408203,-0.04229169711470604,66.2669448852539,0.00045732271973975003,0.00029923839611001313,153.90150451660156
0,0.0003000000142492354,3889,145.79518127441406,-0.10501867532730103,117.49314880371094,0.0007433864520862699,0.00032072365866042674,145.79550170898438
0,0.0003000000142492354,3899,152.3896484375,-0.06727508455514908,94.79270935058594,0.0009202868095599115,0.00036724694655276835,152.3900146484375
0,0.0003000000142492354,3909,142.30972290039062,-0.18520569801330566,87.42765808105469,0.0005337223992682993,0.00035561525146476924,142.31007385253906
0,0.0003000000142492354,3919,144.632080078125,-0.22661268711090088,128.7350616455078,0.002026262227445841,0.00032536956132389605,144.6324005126953
0,0.0003000000142492354,3929,168.6423797607422,0.21417419612407684,71.63615417480469,0.004893442150205374,0.00032528769224882126,168.6427001953125
0,0.0003000000142492354,3939,143.5670928955078,-0.34981265664100647,82.26936340332031,0.0004478215705603361,0.00036379904486238956,143.5674591064453
0,0.0003000000142492354,3949,142.28277587890625,-0.05701059475541115,44.32392120361328,0.0016580004012212157,0.0003262908721808344,142.28309631347656
0,0.0003000000142492354,3959,147.91146850585938,0.047609299421310425,39.21916198730469,0.00041190002229996026,0.0003084808122366667,147.91177368164062
0,0.0003000000142492354,3969,147.2571563720703,0.06175573542714119,49.657447814941406,0.0003858664713334292,0.0003123040369246155,147.25746154785156
0,0.0003000000142492354,3979,149.869384765625,0.04507458582520485,41.37540054321289,0.001361238188110292,0.00037496775621548295,149.86976623535156
0,0.0003000000142492354,3989,152.9299774169922,0.005248016212135553,44.70903778076172,0.00048310038982890546,0.0003255829797126353,152.9302978515625
0,0.0003000000142492354,3999,164.77755737304688,0.23949284851551056,44.20003890991211,0.0009948156075552106,0.00032793646096251905,164.7778778076172
0,0.0003000000142492354,4009,141.59893798828125,-0.04529470205307007,165.6319122314453,0.00735835125669837,0.0003354829386807978,141.59927368164062
0,0.0003000000142492354,4019,146.67086791992188,0.18056635558605194,45.42903518676758,0.0030268605332821608,0.00030298312776722014,146.67117309570312
0,0.0003000000142492354,4029,140.93963623046875,-0.3246898353099823,66.09820556640625,0.0001582056429469958,0.0003346912853885442,140.93997192382812
0,0.0003000000142492354,4039,151.49354553222656,0.03121757321059704,55.613059997558594,0.0003777026722673327,0.0003165754897054285,151.49386596679688
0,0.0003000000142492354,4049,165.40472412109375,0.24211961030960083,46.39202117919922,0.0015875592362135649,0.0003360431583132595,165.40505981445312
0,0.0003000000142492354,4059,143.02894592285156,0.35019516944885254,54.26817321777344,0.008644258603453636,0.0003558381285984069,143.029296875
0,0.0003000000142492354,4069,136.438232421875,-0.2374795377254486,185.18014526367188,0.00030221877386793494,0.000313924509100616,136.4385528564453
0,0.0003000000142492354,4079,134.34042358398438,0.01838432438671589,133.29872131347656,0.0004007061943411827,0.0002929987676907331,134.34071350097656
0,0.0003000000142492354,4089,145.50523376464844,-0.10623758286237717,251.1765899658203,0.00037616430199705064,0.0003711298340931535,145.50559997558594
0,0.0003000000142492354,4099,134.20498657226562,-0.12524110078811646,119.62589263916016,0.0001969189033843577,0.000320045102853328,134.20530700683594
0,0.0003000000142492354,4109,162.66458129882812,0.12973956763744354,179.58883666992188,0.0010962594533339143,0.0003266257408540696,162.66490173339844
0,0.0003000000142492354,4119,156.7930908203125,-0.17621232569217682,67.97706604003906,0.0018622562056407332,0.00033026133314706385,156.79342651367188
0,0.0003000000142492354,4129,138.2473602294922,0.0305066779255867,64.71165466308594,0.001314040389843285,0.00035623315488919616,138.24771118164062
0,0.0003000000142492354,4139,140.4728240966797,0.1914774477481842,158.1544647216797,0.0024751739110797644,0.0003243536630179733,140.47314453125
0,0.0003000000142492354,4149,139.68484497070312,0.035948578268289566,42.85200881958008,0.0002568055351730436,0.0002892570337280631,139.6851348876953
0,0.0003000000142492354,4159,159.7309112548828,-0.1851286143064499,162.8218536376953,0.00026097893714904785,0.00039000422111712396,159.73130798339844
0,0.0003000000142492354,4169,143.6621856689453,0.05286259949207306,231.5717315673828,0.0012776694493368268,0.00028658186784014106,143.6624755859375
0,0.0003000000142492354,4179,142.6385498046875,0.1955225169658661,116.60269165039062,0.0012041244190186262,0.0003395015955902636,142.63888549804688
0,0.0003000000142492354,4189,139.0063018798828,-0.18377557396888733,44.49078369140625,0.000325396831613034,0.0003210660070180893,139.00662231445312
0,0.0003000000142492354,4199,144.64569091796875,0.16393248736858368,46.20503616333008,0.00036328277201391757,0.00029820683994330466,144.64599609375
0,0.0003000000142492354,4209,148.72341918945312,-0.3433919847011566,90.37743377685547,0.0002794725587591529,0.0003128554089926183,148.72373962402344
0,0.0003000000142492354,4219,145.56524658203125,0.13031864166259766,60.13254928588867,0.0007875845767557621,0.00032811093842610717,145.56558227539062
0,0.0003000000142492354,4229,146.694580078125,0.0985257476568222,110.2852554321289,0.000909322639927268,0.0003336748341098428,146.69491577148438
0,0.0003000000142492354,4239,155.93528747558594,0.23975186049938202,108.2340087890625,0.0003638969792518765,0.0003121412009932101,155.9355926513672
0,0.0003000000142492354,4249,156.8587188720703,0.09671288728713989,114.91773223876953,0.0011698658345267177,0.00031591474544256926,156.85903930664062
0,0.0003000000142492354,4259,140.11660766601562,0.09417036920785904,104.05415344238281,0.0006202151998877525,0.0003333037020638585,140.116943359375
0,0.0003000000142492354,4269,141.0916748046875,0.24914489686489105,59.47800064086914,0.0011676531285047531,0.00032143681892193854,141.0919952392578
0,0.0003000000142492354,4279,153.76470947265625,0.19395259022712708,98.80844116210938,0.00034224186674691737,0.0002991689834743738,153.7650146484375
0,0.0003000000142492354,4289,147.39483642578125,-0.008474666625261307,58.75994873046875,0.0004017683386337012,0.00036601294414140284,147.39520263671875
0,0.0003000000142492354,4299,135.59976196289062,-0.01728138141334057,59.191200256347656,0.0015031860675662756,0.00032900559017434716,135.60009765625
0,0.0003000000142492354,4309,147.57931518554688,-0.35539084672927856,105.70294952392578,0.0010859803296625614,0.0003192642470821738,147.5796356201172
0,0.0003000000142492354,4319,152.0382080078125,-0.2014268934726715,120.58856201171875,0.0007176219951361418,0.0002881673281081021,152.0384979248047
0,0.0003000000142492354,4329,147.1673126220703,0.24954214692115784,40.1403694152832,0.00079493218800053,0.0003033426182810217,147.16761779785156
0,0.0003000000142492354,4339,137.7161865234375,0.20148642361164093,46.34617233276367,0.0001455693127354607,0.0003579004551284015,137.71653747558594
0,0.0003000000142492354,4349,156.05088806152344,-0.02510320581495762,58.45233917236328,0.0007275413372553885,0.000300395127851516,156.0511932373047
0,0.0003000000142492354,4359,141.31124877929688,0.0067830318585038185,54.52565002441406,0.0012744009727612138,0.00028590415604412556,141.31153869628906
0,0.0003000000142492354,4369,145.66171264648438,0.19540607929229736,42.13881301879883,0.00044783507473766804,0.00029728043591603637,145.66200256347656
0,0.0003000000142492354,4379,149.7036895751953,0.4042273461818695,38.408382415771484,0.0005857422365806997,0.0003315564536023885,149.7040252685547
0,0.0003000000142492354,4389,144.1424102783203,-0.0462111197412014,77.69277954101562,0.0006550098187290132,0.0002861813991330564,144.1427001953125
0,0.0003000000142492354,4399,143.87242126464844,-0.03616417571902275,33.66445541381836,0.0025097988545894623,0.00029229509527795017,143.87271118164062
0,0.0003000000142492354,4409,155.71470642089844,-0.12300552427768707,107.90970611572266,0.0008246934157796204,0.00032426463440060616,155.71502685546875
0,0.0003000000142492354,4419,131.0263671875,0.24135179817676544,109.2562484741211,0.00043913922854699194,0.00032292382093146443,131.0266876220703
0,0.0003000000142492354,4429,144.7788848876953,0.2377874106168747,120.96601104736328,0.0010691923089325428,0.00028821389423683286,144.7791748046875
0,0.0003000000142492354,4439,139.44851684570312,-0.26528191566467285,33.47801971435547,0.0008302858914248645,0.0003147206734865904,139.44883728027344
0,0.0003000000142492354,4449,151.00320434570312,0.2913758456707001,49.759037017822266,0.0009373528882861137,0.00033883919240906835,151.0035400390625
0,0.0003000000142492354,4459,137.66661071777344,-0.08953546732664108,118.52845764160156,0.00017842753732111305,0.0003033087123185396,137.6669158935547
0,0.0003000000142492354,4469,128.44821166992188,-0.07016550749540329,70.38978576660156,0.001435976242646575,0.000306975154671818,128.44851684570312
0,0.0003000000142492354,4479,129.72540283203125,0.04152553156018257,69.83023834228516,0.0027365386486053467,0.00033644743962213397,129.72573852539062
0,0.0003000000142492354,4489,153.06832885742188,-0.2707447409629822,168.1128387451172,0.0008687324589118361,0.00031436336576007307,153.0686492919922
0,0.0003000000142492354,4499,159.36679077148438,-0.11304806172847748,86.03510284423828,0.0005171974189579487,0.00029555230867117643,159.36708068847656
0,0.0003000000142492354,4509,125.64238739013672,0.0853826031088829,90.43712615966797,0.0024994839914143085,0.00031792750814929605,125.64270782470703
0,0.0003000000142492354,4519,133.2456817626953,-0.04410430043935776,54.021507263183594,0.0014803354861214757,0.0003038097929675132,133.24598693847656
0,0.0003000000142492354,4529,139.0184326171875,-0.09995556622743607,73.1927261352539,0.0006042480817995965,0.0003359116963110864,139.01876831054688
0,0.0003000000142492354,4539,136.29537963867188,-0.08840247988700867,78.98258972167969,0.0011507124872878194,0.00035200821002945304,136.2957305908203
0,0.0003000000142492354,4549,142.11276245117188,-0.3174886405467987,143.57012939453125,0.000358434219378978,0.00029170518973842263,142.11305236816406
0,0.0003000000142492354,4559,137.62525939941406,-0.14146116375923157,47.64458465576172,0.0003124661452602595,0.0002866667928174138,137.62554931640625
0,0.0003000000142492354,4569,141.43112182617188,-0.005172594450414181,124.63307189941406,0.00034543059882707894,0.0003426824987400323,141.43145751953125
0,0.0003000000142492354,4579,137.80035400390625,-0.05616527795791626,99.68682861328125,0.001025622128508985,0.0003004510945174843,137.8006591796875
0,0.0003000000142492354,4589,142.8270721435547,0.108086496591568,128.5616455078125,0.0010489880805835128,0.0003096731670666486,142.82737731933594
0,0.0003000000142492354,4599,153.81649780273438,-0.32420456409454346,348.4731750488281,0.00038390408735722303,0.0003174816374666989,153.8168182373047
0,0.0003000000142492354,4609,149.4757080078125,0.08429735898971558,79.53916931152344,0.0013940687058493495,0.00028333591762930155,149.4759979248047
0,0.0003000000142492354,4619,140.8853302001953,-0.07544154673814774,66.3808364868164,0.0002797011402435601,0.00033563916804268956,140.8856658935547
0,0.0003000000142492354,4629,140.74998474121094,0.3397499918937683,206.55288696289062,0.0005716237938031554,0.00027401954866945744,140.75025939941406
0,0.0003000000142492354,4639,140.0819549560547,0.3906252682209015,42.561431884765625,0.0015128710074350238,0.0003003941383212805,140.08226013183594
0,0.0003000000142492354,4649,146.710693359375,0.011726316064596176,104.9109115600586,0.001273005036637187,0.00028882798505946994,146.7109832763672
0,0.0003000000142492354,4659,146.57803344726562,-0.10025306046009064,91.77450561523438,0.0009970089886337519,0.00030712049920111895,146.57833862304688
0,0.0003000000142492354,4669,135.07151794433594,-0.1400117427110672,37.8421745300293,0.00027653187862597406,0.0002874865022022277,135.07180786132812
0,0.0003000000142492354,4679,154.81402587890625,0.38188302516937256,83.98751068115234,0.0008052479242905974,0.0002829592558555305,154.81431579589844
0,0.0003000000142492354,4689,138.2158660888672,-0.1944749504327774,61.12373352050781,0.0006228403653949499,0.00030270538991317153,138.21617126464844
0,0.0003000000142492354,4699,145.34161376953125,0.275418758392334,85.27079772949219,0.000424320314778015,0.00031506860977970064,145.34193420410156
0,0.0003000000142492354,4709,131.63494873046875,0.09107748419046402,46.49547576904297,0.0007997212233021855,0.00030954371322877705,131.63525390625
0,0.0003000000142492354,4719,124.43632507324219,0.3985790014266968,48.066287994384766,0.0011550261406227946,0.0002631079114507884,124.43658447265625
0,0.0003000000142492354,4729,140.89947509765625,0.12712420523166656,180.90225219726562,0.00021194199507590383,0.0003006760380230844,140.8997802734375
0,0.0003000000142492354,4739,136.50851440429688,0.2454046905040741,218.5327911376953,0.0008813313324935734,0.00027856603264808655,136.5087890625
0,0.0003000000142492354,4749,148.3431396484375,-0.0625089555978775,46.15182876586914,0.0005559346172958612,0.0002550121571402997,148.34339904785156
0,0.0003000000142492354,4759,130.45498657226562,0.27866652607917786,158.58160400390625,0.0008122976869344711,0.00029655377147719264,130.4552764892578
0,0.0003000000142492354,4769,135.16978454589844,0.28566479682922363,230.6178741455078,0.0006004652241244912,0.0002862268884200603,135.17007446289062
0,0.0003000000142492354,4779,164.42880249023438,-0.05018310621380806,49.51150131225586,0.002321395091712475,0.00030704765231348574,164.42910766601562
0,0.0003000000142492354,4789,152.4805908203125,-0.04497046396136284,42.34385681152344,0.0007674237713217735,0.00029025267576798797,152.4808807373047
0,0.0003000000142492354,4799,140.35348510742188,0.03113575465977192,49.81092834472656,0.00034659935045056045,0.000310441420879215,140.35379028320312
0,0.0003000000142492354,4809,147.4696502685547,-0.24696938693523407,58.97285842895508,0.00033366295974701643,0.0003300673561170697,147.46998596191406
0,0.0003000000142492354,4819,149.56517028808594,0.007867594249546528,88.84300231933594,0.0010824305936694145,0.00030931044602766633,149.5654754638672
0,0.0003000000142492354,4829,144.65505981445312,-0.19603566825389862,39.16126251220703,0.0012345914728939533,0.00030826401780359447,144.65536499023438
0,0.0003000000142492354,4839,146.13294982910156,0.041667111217975616,47.796260833740234,0.0007405572105199099,0.000310118222841993,146.1332550048828
0,0.0003000000142492354,4849,137.78945922851562,-0.33024027943611145,149.68548583984375,0.0007266077445819974,0.00031629393924959004,137.78977966308594
0,0.0003000000142492354,4859,146.52276611328125,-0.0744246318936348,81.98255920410156,0.004930516239255667,0.000274244521278888,146.52304077148438
0,0.0003000000142492354,4869,140.8338165283203,0.3140333294868469,96.48748779296875,0.00020616495748981833,0.0003040230367332697,140.83412170410156
0,0.0003000000142492354,4879,135.3485107421875,0.11401720345020294,54.44776916503906,0.0007840032340027392,0.0003068280639126897,135.34881591796875
0,0.0003000000142492354,4889,156.13876342773438,-0.0809614285826683,363.2397766113281,0.0002403850812697783,0.00027794367633759975,156.1390380859375
0,0.0003000000142492354,4899,151.0989532470703,-0.12904956936836243,59.159671783447266,0.00047835696022957563,0.0003125452494714409,151.09925842285156
0,0.0003000000142492354,4909,147.15953063964844,-0.07326637953519821,43.767608642578125,0.00020693092665169388,0.0003124695795122534,147.1598358154297
0,0.0003000000142492354,4919,139.29830932617188,0.1370132565498352,251.47935485839844,0.0012979559833183885,0.0003189684357494116,139.2986297607422
0,0.0003000000142492354,4929,139.37655639648438,-0.20377229154109955,182.0790557861328,0.0017652598908171058,0.0003167930990457535,139.3768768310547
0,0.0003000000142492354,4939,143.82901000976562,0.13613545894622803,173.38414001464844,0.0008258026791736484,0.000299702282063663,143.82931518554688
0,0.0003000000142492354,4949,149.47308349609375,0.26261106133461,63.81895065307617,0.0004016537277493626,0.00027997881988994777,149.47335815429688
0,0.0003000000142492354,4959,147.21890258789062,-0.10579591244459152,65.50303649902344,0.0006522796466015279,0.0002834955812431872,147.2191925048828
0,0.0003000000142492354,4969,133.09860229492188,-0.11459521949291229,99.59962463378906,0.00043478046427480876,0.0002776609908323735,133.098876953125
0,0.0003000000142492354,4979,140.77413940429688,0.31119072437286377,69.24088287353516,0.0017326577799394727,0.000260832195635885,140.77439880371094
0,0.0003000000142492354,4989,166.1125030517578,0.1351727694272995,206.81373596191406,0.0022874511778354645,0.0003194911405444145,166.11282348632812
0,0.0003000000142492354,4999,137.5696258544922,0.12662538886070251,128.81820678710938,0.0005834940820932388,0.00029906589770689607,137.56993103027344
0,0.0003000000142492354,5009,145.5813446044922,0.09262733161449432,64.1720199584961,0.0002867357397917658,0.00029543793061748147,145.58163452148438
0,0.0003000000142492354,5019,140.00479125976562,-0.33672329783439636,159.2979278564453,0.0006426735781133175,0.00028740998823195696,140.0050811767578
0,0.0003000000142492354,5029,139.12628173828125,-0.0880517065525055,193.5653076171875,0.0016368076903745532,0.00027967928326688707,139.12655639648438
0,0.0003000000142492354,5039,139.21664428710938,-0.04832207411527634,186.56082153320312,0.0021671473514288664,0.00030716339824721217,139.21694946289062
0,0.0003000000142492354,5049,137.1803741455078,0.3737894296646118,39.42837142944336,0.0003317168157082051,0.00028617875068448484,137.1806640625
0,0.0003000000142492354,5059,129.0552978515625,0.23088982701301575,273.4453125,0.0027439931873232126,0.00033887033350765705,129.05563354492188
0,0.0003000000142492354,5069,157.75181579589844,-0.19885273277759552,106.8393783569336,0.0011962935095652938,0.00029427773552015424,157.75210571289062
0,0.0003000000142492354,5079,148.5433807373047,0.2898097336292267,118.73844146728516,0.0008541456772945821,0.0003097339649684727,148.54368591308594
0,0.0003000000142492354,5089,138.78750610351562,0.030515706166625023,49.17028045654297,0.0014338985783979297,0.00031663209665566683,138.78782653808594
0,0.0003000000142492354,5099,139.82830810546875,-0.22861069440841675,250.76324462890625,0.0013729610946029425,0.00029190658824518323,139.82859802246094
0,0.0003000000142492354,5109,134.16436767578125,-0.13423024117946625,55.76784896850586,0.0006898267311044037,0.0002710248518269509,134.16464233398438
0,0.0003000000142492354,5119,144.35748291015625,0.32669490575790405,94.3101577758789,0.0007034559966996312,0.0002918235841207206,144.35777282714844
0,0.0003000000142492354,5129,137.39547729492188,0.3058972954750061,174.3776092529297,0.0006885496550239623,0.0003202522057108581,137.3957977294922
0,0.0003000000142492354,5139,152.08387756347656,0.19431322813034058,53.50143814086914,0.00015129108214750886,0.0003088045632466674,152.0841827392578
0,0.0003000000142492354,5149,143.15106201171875,-0.10019638389348984,51.5001335144043,0.00040033270488493145,0.00033079105196520686,143.15139770507812
0,0.0003000000142492354,5159,146.4268035888672,-0.06605428457260132,265.5447082519531,0.0002589903015177697,0.0003221023944206536,146.4271240234375
0,0.0003000000142492354,5169,147.8634033203125,0.024385379627346992,125.36823272705078,0.0001852527930168435,0.00029371894197538495,147.8636932373047
0,0.0003000000142492354,5179,139.22689819335938,0.03620116040110588,211.15487670898438,0.0016862412448972464,0.00027344413683749735,139.2271728515625
0,0.0003000000142492354,5189,136.90914916992188,0.010531752370297909,79.91927337646484,0.0002614671248011291,0.00030776768107898533,136.90945434570312
0,0.0003000000142492354,5199,138.157470703125,-0.1361735314130783,188.2813262939453,0.0002636054123286158,0.00029529765015468,138.1577606201172
0,0.0003000000142492354,5209,132.98849487304688,0.1002851128578186,52.67718505859375,0.0005998316337354481,0.0003312273765914142,132.98883056640625
0,0.0003000000142492354,5219,129.25567626953125,-0.2757749855518341,28.624135971069336,0.004726444836705923,0.0002993892121594399,129.2559814453125
0,0.0003000000142492354,5229,128.98370361328125,0.21386303007602692,118.30223083496094,0.0005221285973675549,0.0002501326962374151,128.98394775390625
0,0.0003000000142492354,5239,147.1790313720703,0.21287301182746887,186.8894805908203,0.0005683920462615788,0.0003422660520300269,147.1793670654297
0,0.0003000000142492354,5249,150.52371215820312,0.1514631062746048,45.05243682861328,0.0005169335636310279,0.000293758581392467,150.5240020751953
0,0.0003000000142492354,5259,145.96273803710938,-0.049397699534893036,47.87864303588867,0.0018778640078380704,0.00030090849031694233,145.96304321289062
0,0.0003000000142492354,5269,156.58648681640625,-0.12205202877521515,69.73512268066406,0.0005115181556902826,0.00031636073254048824,156.58680725097656
0,0.0003000000142492354,5279,145.89041137695312,-0.18009032309055328,119.3949203491211,0.0008043638081289828,0.0003078100853599608,145.89071655273438
0,0.0003000000142492354,5289,143.67681884765625,0.19630226492881775,416.0398864746094,0.000385417602956295,0.00027547188801690936,143.67709350585938
0,0.0003000000142492354,5299,137.62478637695312,-0.14175789058208466,165.31497192382812,0.0006508717779070139,0.00028297113021835685,137.6250762939453
0,0.0003000000142492354,5309,151.12432861328125,-0.2575904428958893,80.90702819824219,0.0007414448773488402,0.0003581952187232673,151.1246795654297
0,0.0003000000142492354,5319,153.62884521484375,-0.019669245928525925,72.73837280273438,0.0010662861168384552,0.0002629772061482072,153.6291046142578
0,0.0003000000142492354,5329,158.87615966796875,0.18249830603599548,66.25727081298828,0.0005471165641210973,0.0002874372585210949,158.87644958496094
0,0.0003000000142492354,5339,147.7933349609375,-0.2529250681400299,104.31769561767578,0.0012624493101611733,0.00028856375138275325,147.7936248779297
0,0.0003000000142492354,5349,148.59933471679688,-0.08864090591669083,89.43992614746094,0.0009960149182006717,0.0002977845724672079,148.59963989257812
0,0.0003000000142492354,5359,140.25872802734375,-0.30710309743881226,55.904693603515625,0.00048438578960485756,0.0002641115861479193,140.2589874267578
0,0.0003000000142492354,5369,131.26907348632812,0.16897130012512207,77.6113052368164,0.00021966086933389306,0.00028352957451716065,131.2693634033203
0,0.0003000000142492354,5379,147.07061767578125,0.2577541172504425,109.7912368774414,0.00044766924111172557,0.00026531616458669305,147.0708770751953
0,0.0003000000142492354,5389,157.75332641601562,-0.29769498109817505,176.28347778320312,0.00012588220124598593,0.00032579072285443544,157.75364685058594
0,0.0003000000142492354,5399,141.6399383544922,-0.2310112714767456,316.165283203125,0.0010041019413620234,0.0002666704240255058,141.64019775390625
0,0.0003000000142492354,5409,142.33804321289062,0.20155955851078033,104.52823638916016,0.001242276979610324,0.00028577426564879715,142.3383331298828
0,0.0003000000142492354,5419,155.0050048828125,0.06872254610061646,182.88079833984375,0.0006281307432800531,0.00029229006031528115,155.0052947998047
0,0.0003000000142492354,5429,135.2467041015625,0.15315227210521698,120.3127212524414,0.0004769170773215592,0.0003269351436756551,135.2470245361328
0,0.0003000000142492354,5439,125.59758758544922,0.26174396276474,214.72850036621094,0.0012972097611054778,0.0002755781461019069,125.59786224365234
0,0.0003000000142492354,5449,157.27374267578125,0.23711279034614563,325.9345703125,0.0012628170661628246,0.00030863485881127417,157.2740478515625
0,0.0003000000142492354,5459,149.0867919921875,0.30765748023986816,230.96878051757812,0.00027314905310049653,0.0002859003725461662,149.0870819091797
0,0.0003000000142492354,5469,151.49288940429688,0.303591787815094,169.2364044189453,0.001264919643290341,0.00028783403104171157,151.49317932128906
0,0.0003000000142492354,5479,159.20013427734375,-0.2647925317287445,252.13027954101562,0.0013651055051013827,0.00029828737024217844,159.200439453125
0,0.0003000000142492354,5489,135.56805419921875,-0.1988202929496765,99.532958984375,0.00030568387592211366,0.0002921417762991041,135.56834411621094
0,0.0003000000142492354,5499,151.59927368164062,-0.11591235548257828,121.36492156982422,0.0020134910009801388,0.0002796713961288333,151.59954833984375
